HDFS,база данных,роль,группа,Вид учетной записи,учетная запись,YARN
/data/custom/rb/900/pa,custom_rb_900,r_dc_custom_team_rozn_rw,g_dc_d_custom_team_rozn_rw,ТУЗ,u_dc_s_custom_rb,
/data/custom/rb/900/pa,custom_rb_900,r_dc_3ls_ro,g_dc_d_3ls_ro,Пользователь,,
/data/custom/rb/900/pa,custom_rb_900,r_dc_custom_rb_900_ro,g_dc_d_custom_rb_900_ro,Пользователь,,
/data/custom/rb/900/stg,custom_rb_900_stg,r_dc_custom_team_rozn_rw,g_dc_d_custom_team_rozn_rw,ТУЗ,u_dc_s_custom_rb,
/data/custom/rb/900/stg,custom_rb_900_stg,r_dc_3ls_ro,g_dc_d_3ls_ro,Пользователь,,
/data/custom/rb/afina/pa,custom_rb_afina,r_dc_custom_team_rozn_rw,g_dc_d_custom_team_rozn_rw,ТУЗ,u_dc_s_custom_rb,
/data/custom/rb/afina/pa,custom_rb_afina,r_dc_3ls_ro,g_dc_d_3ls_ro,Пользователь,,
/data/custom/rb/afina/pa,custom_rb_afina,r_dc_custom_rb_afina_ro,g_dc_d_custom_rb_afina_ro,Пользователь,,
/data/custom/rb/afina/stg,custom_rb_afina_stg,r_dc_custom_team_rozn_rw,g_dc_d_custom_team_rozn_rw,ТУЗ,u_dc_s_custom_rb,
/data/custom/rb/afina/stg,custom_rb_afina_stg,r_dc_3ls_ro,g_dc_d_3ls_ro,Пользователь,,
/data/custom/rb/autopay/pa,custom_rb_autopay,r_dc_custom_team_rozn_rw,g_dc_d_custom_team_rozn_rw,ТУЗ,u_dc_s_custom_rb,
/data/custom/rb/autopay/pa,custom_rb_autopay,r_dc_3ls_ro,g_dc_d_3ls_ro,Пользователь,,
/data/custom/rb/autopay/pa,custom_rb_autopay,r_dc_custom_rb_autopay_ro,g_dc_d_custom_rb_autopay_ro,Пользователь,,
/data/custom/rb/autopay/stg,custom_rb_autopay_stg,r_dc_custom_team_rozn_rw,g_dc_d_custom_team_rozn_rw,ТУЗ,u_dc_s_custom_rb,
/data/custom/rb/autopay/stg,custom_rb_autopay_stg,r_dc_3ls_ro,g_dc_d_3ls_ro,Пользователь,,
/data/custom/rb/autopayment/pa,custom_rb_autopayment,r_dc_custom_team_rozn_rw,g_dc_d_custom_team_rozn_rw,ТУЗ,u_dc_s_custom_rb,
/data/custom/rb/autopayment/pa,custom_rb_autopayment,r_dc_3ls_ro,g_dc_d_3ls_ro,Пользователь,,
/data/custom/rb/autopayment/pa,custom_rb_autopayment,r_dc_custom_rb_autopayment_ro,g_dc_d_custom_rb_autopayment_ro,Пользователь,,
/data/custom/rb/autopayment/stg,custom_rb_autopayment_stg,r_dc_custom_team_rozn_rw,g_dc_d_custom_team_rozn_rw,ТУЗ,u_dc_s_custom_rb,
/data/custom/rb/autopayment/stg,custom_rb_autopayment_stg,r_dc_3ls_ro,g_dc_d_3ls_ro,Пользователь,,
/data/custom/rb/avaya/pa,custom_rb_avaya,r_dc_custom_team_rozn_rw,g_dc_d_custom_team_rozn_rw,ТУЗ,u_dc_s_custom_rb,
/data/custom/rb/avaya/pa,custom_rb_avaya,r_dc_3ls_ro,g_dc_d_3ls_ro,Пользователь,,
/data/custom/rb/avaya/pa,custom_rb_avaya,r_dc_custom_rb_avaya_ro,g_dc_d_custom_rb_avaya_ro,Пользователь,,
/data/custom/rb/avaya/stg,custom_rb_avaya_stg,r_dc_custom_team_rozn_rw,g_dc_d_custom_team_rozn_rw,ТУЗ,u_dc_s_custom_rb,
/data/custom/rb/avaya/stg,custom_rb_avaya_stg,r_dc_3ls_ro,g_dc_d_3ls_ro,Пользователь,,
/data/custom/rb/bd/pa,custom_rb_bd,r_dc_custom_team_rozn_rw,g_dc_d_custom_team_rozn_rw,ТУЗ,u_dc_s_custom_rb,
/data/custom/rb/bd/pa,custom_rb_bd,r_dc_3ls_ro,g_dc_d_3ls_ro,Пользователь,,
/data/custom/rb/bd/pa,custom_rb_bd,r_dc_custom_rb_bd_ro,g_dc_d_custom_rb_bd_ro,Пользователь,,
/data/custom/rb/bd/stg,custom_rb_bd_stg,r_dc_custom_team_rozn_rw,g_dc_d_custom_team_rozn_rw,ТУЗ,u_dc_s_custom_rb,
/data/custom/rb/bd/stg,custom_rb_bd_stg,r_dc_3ls_ro,g_dc_d_3ls_ro,Пользователь,,
/data/custom/rb/card/pa,custom_rb_card,r_dc_custom_team_rozn_rw,g_dc_d_custom_team_rozn_rw,ТУЗ,u_dc_s_custom_rb,
/data/custom/rb/card/pa,custom_rb_card,r_dc_3ls_ro,g_dc_d_3ls_ro,Пользователь,,
/data/custom/rb/card/pa,custom_rb_card,r_dc_custom_rb_card_ro,g_dc_d_custom_rb_card_ro,Пользователь,,
/data/custom/rb/card/stg,custom_rb_card_stg,r_dc_custom_team_rozn_rw,g_dc_d_custom_team_rozn_rw,ТУЗ,u_dc_s_custom_rb,
/data/custom/rb/card/stg,custom_rb_card_stg,r_dc_3ls_ro,g_dc_d_3ls_ro,Пользователь,,
/data/custom/rb/cbdbo/pa,custom_rb_cbdbo,r_dc_custom_team_rozn_rw,g_dc_d_custom_team_rozn_rw,ТУЗ,u_dc_s_custom_rb,
/data/custom/rb/cbdbo/pa,custom_rb_cbdbo,r_dc_3ls_ro,g_dc_d_3ls_ro,Пользователь,,
/data/custom/rb/cbdbo/pa,custom_rb_cbdbo,r_dc_custom_rb_cbdbo_ro,g_dc_d_custom_rb_cbdbo_ro,Пользователь,,
/data/custom/rb/cbdbo/stg,custom_rb_cbdbo_stg,r_dc_custom_team_rozn_rw,g_dc_d_custom_team_rozn_rw,ТУЗ,u_dc_s_custom_rb,
/data/custom/rb/cbdbo/stg,custom_rb_cbdbo_stg,r_dc_3ls_ro,g_dc_d_3ls_ro,Пользователь,,
/data/custom/rb/check/pa,custom_rb_check,r_dc_custom_team_rozn_rw,g_dc_d_custom_team_rozn_rw,ТУЗ,u_dc_s_custom_rb,
/data/custom/rb/check/pa,custom_rb_check,r_dc_3ls_ro,g_dc_d_3ls_ro,Пользователь,,
/data/custom/rb/check/pa,custom_rb_check,r_dc_custom_rb_check_ro,g_dc_d_custom_rb_check_ro,Пользователь,,
/data/custom/rb/check/stg,custom_rb_check_stg,r_dc_custom_team_rozn_rw,g_dc_d_custom_team_rozn_rw,ТУЗ,u_dc_s_custom_rb,
/data/custom/rb/check/stg,custom_rb_check_stg,r_dc_3ls_ro,g_dc_d_3ls_ro,Пользователь,,
/data/custom/rb/cod/pa,custom_rb_cod,r_dc_custom_team_rozn_rw,g_dc_d_custom_team_rozn_rw,ТУЗ,u_dc_s_custom_rb,
/data/custom/rb/cod/pa,custom_rb_cod,r_dc_3ls_ro,g_dc_d_3ls_ro,Пользователь,,
/data/custom/rb/cod/pa,custom_rb_cod,r_dc_custom_rb_cod_ro,g_dc_d_custom_rb_cod_ro,Пользователь,,
/data/custom/rb/cod/stg,custom_rb_cod_stg,r_dc_custom_team_rozn_rw,g_dc_d_custom_team_rozn_rw,ТУЗ,u_dc_s_custom_rb,
/data/custom/rb/cod/stg,custom_rb_cod_stg,r_dc_3ls_ro,g_dc_d_3ls_ro,Пользователь,,
/data/custom/rb/crm/pa,custom_rb_crm,r_dc_custom_team_rozn_rw,g_dc_d_custom_team_rozn_rw,ТУЗ,u_dc_s_custom_rb,
/data/custom/rb/crm/pa,custom_rb_crm,r_dc_3ls_ro,g_dc_d_3ls_ro,Пользователь,,
/data/custom/rb/crm/pa,custom_rb_crm,r_dc_custom_rb_crm_ro,g_dc_d_custom_rb_crm_ro,Пользователь,,
/data/custom/rb/crm/stg,custom_rb_crm_stg,r_dc_custom_team_rozn_rw,g_dc_d_custom_team_rozn_rw,ТУЗ,u_dc_s_custom_rb,
/data/custom/rb/crm/stg,custom_rb_crm_stg,r_dc_3ls_ro,g_dc_d_3ls_ro,Пользователь,,
/data/custom/rb/dda/pa,custom_rb_dda,r_dc_custom_team_rozn_rw,g_dc_d_custom_team_rozn_rw,ТУЗ,u_dc_s_custom_rb,
/data/custom/rb/dda/pa,custom_rb_dda,r_dc_3ls_ro,g_dc_d_3ls_ro,Пользователь,,
/data/custom/rb/dda/pa,custom_rb_dda,r_dc_custom_rb_dda_ro,g_dc_d_custom_rb_dda_ro,Пользователь,,
/data/custom/rb/dda/stg,custom_rb_dda_stg,r_dc_custom_team_rozn_rw,g_dc_d_custom_team_rozn_rw,ТУЗ,u_dc_s_custom_rb,
/data/custom/rb/dda/stg,custom_rb_dda_stg,r_dc_3ls_ro,g_dc_d_3ls_ro,Пользователь,,
/data/custom/rb/depositary/pa,custom_rb_depositary,r_dc_custom_team_rozn_rw,g_dc_d_custom_team_rozn_rw,ТУЗ,u_dc_s_custom_rb,
/data/custom/rb/depositary/pa,custom_rb_depositary,r_dc_3ls_ro,g_dc_d_3ls_ro,Пользователь,,
/data/custom/rb/depositary/pa,custom_rb_depositary,r_dc_custom_rb_depositary_ro,g_dc_d_custom_rb_depositary_ro,Пользователь,,
/data/custom/rb/depositary/stg,custom_rb_depositary_stg,r_dc_custom_team_rozn_rw,g_dc_d_custom_team_rozn_rw,ТУЗ,u_dc_s_custom_rb,
/data/custom/rb/depositary/stg,custom_rb_depositary_stg,r_dc_3ls_ro,g_dc_d_3ls_ro,Пользователь,,
/data/custom/rb/diasoft_custody/pa,custom_rb_diasoft_custody,r_dc_custom_team_rozn_rw,g_dc_d_custom_team_rozn_rw,ТУЗ,u_dc_s_custom_rb,
/data/custom/rb/diasoft_custody/pa,custom_rb_diasoft_custody,r_dc_3ls_ro,g_dc_d_3ls_ro,Пользователь,,
/data/custom/rb/diasoft_custody/pa,custom_rb_diasoft_custody,r_dc_custom_rb_diasoft_custody_ro,g_dc_d_custom_rb_diasoft_custody_ro,Пользователь,,
/data/custom/rb/diasoft_custody/stg,custom_rb_diasoft_custody_stg,r_dc_custom_team_rozn_rw,g_dc_d_custom_team_rozn_rw,ТУЗ,u_dc_s_custom_rb,
/data/custom/rb/diasoft_custody/stg,custom_rb_diasoft_custody_stg,r_dc_3ls_ro,g_dc_d_3ls_ro,Пользователь,,
/data/custom/rb/eks/pa,custom_rb_eks,r_dc_custom_team_rozn_rw,g_dc_d_custom_team_rozn_rw,ТУЗ,u_dc_s_custom_rb,
/data/custom/rb/eks/pa,custom_rb_eks,r_dc_3ls_ro,g_dc_d_3ls_ro,Пользователь,,
/data/custom/rb/eks/pa,custom_rb_eks,r_dc_custom_rb_eks_ro,g_dc_d_custom_rb_eks_ro,Пользователь,,
/data/custom/rb/eks/stg,custom_rb_eks_stg,r_dc_custom_team_rozn_rw,g_dc_d_custom_team_rozn_rw,ТУЗ,u_dc_s_custom_rb,
/data/custom/rb/eks/stg,custom_rb_eks_stg,r_dc_3ls_ro,g_dc_d_3ls_ro,Пользователь,,
/data/custom/rb/eps/pa,custom_rb_eps,r_dc_custom_team_rozn_rw,g_dc_d_custom_team_rozn_rw,ТУЗ,u_dc_s_custom_rb,
/data/custom/rb/eps/pa,custom_rb_eps,r_dc_3ls_ro,g_dc_d_3ls_ro,Пользователь,,
/data/custom/rb/eps/pa,custom_rb_eps,r_dc_custom_rb_eps_ro,g_dc_d_custom_rb_eps_ro,Пользователь,,
/data/custom/rb/eps/stg,custom_rb_eps_stg,r_dc_custom_team_rozn_rw,g_dc_d_custom_team_rozn_rw,ТУЗ,u_dc_s_custom_rb,
/data/custom/rb/eps/stg,custom_rb_eps_stg,r_dc_3ls_ro,g_dc_d_3ls_ro,Пользователь,,
/data/custom/rb/ermb/pa,custom_rb_ermb,r_dc_custom_team_rozn_rw,g_dc_d_custom_team_rozn_rw,ТУЗ,u_dc_s_custom_rb,
/data/custom/rb/ermb/pa,custom_rb_ermb,r_dc_3ls_ro,g_dc_d_3ls_ro,Пользователь,,
/data/custom/rb/ermb/pa,custom_rb_ermb,r_dc_custom_rb_ermb_ro,g_dc_d_custom_rb_ermb_ro,Пользователь,,
/data/custom/rb/ermb/stg,custom_rb_ermb_stg,r_dc_custom_team_rozn_rw,g_dc_d_custom_team_rozn_rw,ТУЗ,u_dc_s_custom_rb,
/data/custom/rb/ermb/stg,custom_rb_ermb_stg,r_dc_3ls_ro,g_dc_d_3ls_ro,Пользователь,,
/data/custom/rb/exchange_rates/pa,custom_rb_exchange_rates,r_dc_custom_team_rozn_rw,g_dc_d_custom_team_rozn_rw,ТУЗ,u_dc_s_custom_rb,
/data/custom/rb/exchange_rates/pa,custom_rb_exchange_rates,r_dc_3ls_ro,g_dc_d_3ls_ro,Пользователь,,
/data/custom/rb/exchange_rates/pa,custom_rb_exchange_rates,r_dc_custom_rb_exchange_rates_ro,g_dc_d_custom_rb_exchange_rates_ro,Пользователь,,
/data/custom/rb/exchange_rates/stg,custom_rb_exchange_rates_stg,r_dc_custom_team_rozn_rw,g_dc_d_custom_team_rozn_rw,ТУЗ,u_dc_s_custom_rb,
/data/custom/rb/exchange_rates/stg,custom_rb_exchange_rates_stg,r_dc_3ls_ro,g_dc_d_3ls_ro,Пользователь,,
/data/custom/rb/frod_monitoring/pa,custom_rb_frod_monitoring,r_dc_custom_team_rozn_rw,g_dc_d_custom_team_rozn_rw,ТУЗ,u_dc_s_custom_rb,
/data/custom/rb/frod_monitoring/pa,custom_rb_frod_monitoring,r_dc_3ls_ro,g_dc_d_3ls_ro,Пользователь,,
/data/custom/rb/frod_monitoring/pa,custom_rb_frod_monitoring,r_dc_custom_rb_frod_monitoring_ro,g_dc_d_custom_rb_frod_monitoring_ro,Пользователь,,
/data/custom/rb/frod_monitoring/stg,custom_rb_frod_monitoring_stg,r_dc_custom_team_rozn_rw,g_dc_d_custom_team_rozn_rw,ТУЗ,u_dc_s_custom_rb,
/data/custom/rb/frod_monitoring/stg,custom_rb_frod_monitoring_stg,r_dc_3ls_ro,g_dc_d_3ls_ro,Пользователь,,
/data/custom/rb/hr/pa,custom_rb_hr,r_dc_custom_team_rozn_rw,g_dc_d_custom_team_rozn_rw,ТУЗ,u_dc_s_custom_rb,
/data/custom/rb/hr/pa,custom_rb_hr,r_dc_3ls_ro,g_dc_d_3ls_ro,Пользователь,,
/data/custom/rb/hr/pa,custom_rb_hr,r_dc_custom_rb_hr_ro,g_dc_d_custom_rb_hr_ro,Пользователь,,
/data/custom/rb/hr/stg,custom_rb_hr_stg,r_dc_custom_team_rozn_rw,g_dc_d_custom_team_rozn_rw,ТУЗ,u_dc_s_custom_rb,
/data/custom/rb/hr/stg,custom_rb_hr_stg,r_dc_3ls_ro,g_dc_d_3ls_ro,Пользователь,,
/data/custom/rb/kalita/pa,custom_rb_kalita,r_dc_custom_team_rozn_rw,g_dc_d_custom_team_rozn_rw,ТУЗ,u_dc_s_custom_rb,
/data/custom/rb/kalita/pa,custom_rb_kalita,r_dc_3ls_ro,g_dc_d_3ls_ro,Пользователь,,
/data/custom/rb/kalita/pa,custom_rb_kalita,r_dc_custom_rb_kalita_ro,g_dc_d_custom_rb_kalita_ro,Пользователь,,
/data/custom/rb/kalita/stg,custom_rb_kalita_stg,r_dc_custom_team_rozn_rw,g_dc_d_custom_team_rozn_rw,ТУЗ,u_dc_s_custom_rb,
/data/custom/rb/kalita/stg,custom_rb_kalita_stg,r_dc_3ls_ro,g_dc_d_3ls_ro,Пользователь,,
/data/custom/rb/kbrb/pa,custom_rb_kbrb,r_dc_custom_team_rozn_rw,g_dc_d_custom_team_rozn_rw,ТУЗ,u_dc_s_custom_rb,
/data/custom/rb/kbrb/pa,custom_rb_kbrb,r_dc_3ls_ro,g_dc_d_3ls_ro,Пользователь,,
/data/custom/rb/kbrb/pa,custom_rb_kbrb,r_dc_custom_rb_kbrb_ro,g_dc_d_custom_rb_kbrb_ro,Пользователь,,
/data/custom/rb/kbrb/stg,custom_rb_kbrb_stg,r_dc_custom_team_rozn_rw,g_dc_d_custom_team_rozn_rw,ТУЗ,u_dc_s_custom_rb,
/data/custom/rb/kbrb/stg,custom_rb_kbrb_stg,r_dc_3ls_ro,g_dc_d_3ls_ro,Пользователь,,
/data/custom/rb/loan/pa,custom_rb_loan,r_dc_custom_team_rozn_rw,g_dc_d_custom_team_rozn_rw,ТУЗ,u_dc_s_custom_rb,
/data/custom/rb/loan/pa,custom_rb_loan,r_dc_3ls_ro,g_dc_d_3ls_ro,Пользователь,,
/data/custom/rb/loan/pa,custom_rb_loan,r_dc_custom_rb_loan_ro,g_dc_d_custom_rb_loan_ro,Пользователь,,
/data/custom/rb/loan/stg,custom_rb_loan_stg,r_dc_custom_team_rozn_rw,g_dc_d_custom_team_rozn_rw,ТУЗ,u_dc_s_custom_rb,
/data/custom/rb/loan/stg,custom_rb_loan_stg,r_dc_3ls_ro,g_dc_d_3ls_ro,Пользователь,,
/data/custom/rb/mdm/pa,custom_rb_mdm,r_dc_custom_team_rozn_rw,g_dc_d_custom_team_rozn_rw,ТУЗ,u_dc_s_custom_rb,
/data/custom/rb/mdm/pa,custom_rb_mdm,r_dc_3ls_ro,g_dc_d_3ls_ro,Пользователь,,
/data/custom/rb/mdm/pa,custom_rb_mdm,r_dc_custom_rb_mdm_ro,g_dc_d_custom_rb_mdm_ro,Пользователь,,
/data/custom/rb/mdm/stg,custom_rb_mdm_stg,r_dc_custom_team_rozn_rw,g_dc_d_custom_team_rozn_rw,ТУЗ,u_dc_s_custom_rb,
/data/custom/rb/mdm/stg,custom_rb_mdm_stg,r_dc_3ls_ro,g_dc_d_3ls_ro,Пользователь,,
/data/custom/rb/merch/pa,custom_rb_merch,r_dc_custom_team_rozn_rw,g_dc_d_custom_team_rozn_rw,ТУЗ,u_dc_s_custom_rb,
/data/custom/rb/merch/pa,custom_rb_merch,r_dc_3ls_ro,g_dc_d_3ls_ro,Пользователь,,
/data/custom/rb/merch/pa,custom_rb_merch,r_dc_custom_rb_merch_ro,g_dc_d_custom_rb_merch_ro,Пользователь,,
/data/custom/rb/merch/stg,custom_rb_merch_stg,r_dc_custom_team_rozn_rw,g_dc_d_custom_team_rozn_rw,ТУЗ,u_dc_s_custom_rb,
/data/custom/rb/merch/stg,custom_rb_merch_stg,r_dc_3ls_ro,g_dc_d_3ls_ro,Пользователь,,
/data/custom/rb/motivation/pa,custom_rb_motivation,r_dc_custom_team_rozn_rw,g_dc_d_custom_team_rozn_rw,ТУЗ,u_dc_s_custom_rb,
/data/custom/rb/motivation/pa,custom_rb_motivation,r_dc_3ls_ro,g_dc_d_3ls_ro,Пользователь,,
/data/custom/rb/motivation/pa,custom_rb_motivation,r_dc_custom_rb_motivation_ro,g_dc_d_custom_rb_motivation_ro,Пользователь,,
/data/custom/rb/motivation/stg,custom_rb_motivation_stg,r_dc_custom_team_rozn_rw,g_dc_d_custom_team_rozn_rw,ТУЗ,u_dc_s_custom_rb,
/data/custom/rb/motivation/stg,custom_rb_motivation_stg,r_dc_3ls_ro,g_dc_d_3ls_ro,Пользователь,,
/data/custom/rb/saving_certificate/pa,custom_rb_saving_certificate,r_dc_custom_team_rozn_rw,g_dc_d_custom_team_rozn_rw,ТУЗ,u_dc_s_custom_rb,
/data/custom/rb/saving_certificate/pa,custom_rb_saving_certificate,r_dc_3ls_ro,g_dc_d_3ls_ro,Пользователь,,
/data/custom/rb/saving_certificate/pa,custom_rb_saving_certificate,r_dc_custom_rb_saving_certificate_ro,g_dc_d_custom_rb_saving_certificate_ro,Пользователь,,
/data/custom/rb/saving_certificate/stg,custom_rb_saving_certificate_stg,r_dc_custom_team_rozn_rw,g_dc_d_custom_team_rozn_rw,ТУЗ,u_dc_s_custom_rb,
/data/custom/rb/saving_certificate/stg,custom_rb_saving_certificate_stg,r_dc_3ls_ro,g_dc_d_3ls_ro,Пользователь,,
/data/custom/rb/sb/pa,custom_rb_sb,r_dc_custom_team_rozn_rw,g_dc_d_custom_team_rozn_rw,ТУЗ,u_dc_s_custom_rb,
/data/custom/rb/sb/pa,custom_rb_sb,r_dc_3ls_ro,g_dc_d_3ls_ro,Пользователь,,
/data/custom/rb/sb/pa,custom_rb_sb,r_dc_custom_rb_sb_ro,g_dc_d_custom_rb_sb_ro,Пользователь,,
/data/custom/rb/sb/stg,custom_rb_sb_stg,r_dc_custom_team_rozn_rw,g_dc_d_custom_team_rozn_rw,ТУЗ,u_dc_s_custom_rb,
/data/custom/rb/sb/stg,custom_rb_sb_stg,r_dc_3ls_ro,g_dc_d_3ls_ro,Пользователь,,
/data/custom/rb/sbol/pa,custom_rb_sbol,r_dc_custom_team_rozn_rw,g_dc_d_custom_team_rozn_rw,ТУЗ,u_dc_s_custom_rb,
/data/custom/rb/sbol/pa,custom_rb_sbol,r_dc_3ls_ro,g_dc_d_3ls_ro,Пользователь,,
/data/custom/rb/sbol/pa,custom_rb_sbol,r_dc_custom_rb_sbol_ro,g_dc_d_custom_rb_sbol_ro,Пользователь,,
/data/custom/rb/sbol/stg,custom_rb_sbol_stg,r_dc_custom_team_rozn_rw,g_dc_d_custom_team_rozn_rw,ТУЗ,u_dc_s_custom_rb,
/data/custom/rb/sbol/stg,custom_rb_sbol_stg,r_dc_3ls_ro,g_dc_d_3ls_ro,Пользователь,,
/data/custom/rb/scoring_platform/pa,custom_rb_scoring_platform,r_dc_custom_team_rozn_rw,g_dc_d_custom_team_rozn_rw,ТУЗ,u_dc_s_custom_rb,
/data/custom/rb/scoring_platform/pa,custom_rb_scoring_platform,r_dc_3ls_ro,g_dc_d_3ls_ro,Пользователь,,
/data/custom/rb/scoring_platform/pa,custom_rb_scoring_platform,r_dc_custom_rb_scoring_platform_ro,g_dc_d_custom_rb_scoring_platform_ro,Пользователь,,
/data/custom/rb/scoring_platform/stg,custom_rb_scoring_platform_stg,r_dc_custom_team_rozn_rw,g_dc_d_custom_team_rozn_rw,ТУЗ,u_dc_s_custom_rb,
/data/custom/rb/scoring_platform/stg,custom_rb_scoring_platform_stg,r_dc_3ls_ro,g_dc_d_3ls_ro,Пользователь,,
/data/custom/rb/skoring/pa,custom_rb_skoring,r_dc_custom_team_rozn_rw,g_dc_d_custom_team_rozn_rw,ТУЗ,u_dc_s_custom_rb,
/data/custom/rb/skoring/pa,custom_rb_skoring,r_dc_3ls_ro,g_dc_d_3ls_ro,Пользователь,,
/data/custom/rb/skoring/pa,custom_rb_skoring,r_dc_custom_rb_skoring_ro,g_dc_d_custom_rb_skoring_ro,Пользователь,,
/data/custom/rb/skoring/stg,custom_rb_skoring_stg,r_dc_custom_team_rozn_rw,g_dc_d_custom_team_rozn_rw,ТУЗ,u_dc_s_custom_rb,
/data/custom/rb/skoring/stg,custom_rb_skoring_stg,r_dc_3ls_ro,g_dc_d_3ls_ro,Пользователь,,
/data/custom/rb/smartvista/pa,custom_rb_smartvista,r_dc_custom_team_rozn_rw,g_dc_d_custom_team_rozn_rw,ТУЗ,u_dc_s_custom_rb,
/data/custom/rb/smartvista/pa,custom_rb_smartvista,r_dc_3ls_ro,g_dc_d_3ls_ro,Пользователь,,
/data/custom/rb/smartvista/pa,custom_rb_smartvista,r_dc_custom_rb_smartvista_ro,g_dc_d_custom_rb_smartvista_ro,Пользователь,,
/data/custom/rb/smartvista/stg,custom_rb_smartvista_stg,r_dc_custom_team_rozn_rw,g_dc_d_custom_team_rozn_rw,ТУЗ,u_dc_s_custom_rb,
/data/custom/rb/smartvista/stg,custom_rb_smartvista_stg,r_dc_3ls_ro,g_dc_d_3ls_ro,Пользователь,,
/data/custom/rb/smsb/pa,custom_rb_smsb,r_dc_custom_team_rozn_rw,g_dc_d_custom_team_rozn_rw,ТУЗ,u_dc_s_custom_rb,
/data/custom/rb/smsb/pa,custom_rb_smsb,r_dc_3ls_ro,g_dc_d_3ls_ro,Пользователь,,
/data/custom/rb/smsb/pa,custom_rb_smsb,r_dc_custom_rb_smsb_ro,g_dc_d_custom_rb_smsb_ro,Пользователь,,
/data/custom/rb/smsb/stg,custom_rb_smsb_stg,r_dc_custom_team_rozn_rw,g_dc_d_custom_team_rozn_rw,ТУЗ,u_dc_s_custom_rb,
/data/custom/rb/smsb/stg,custom_rb_smsb_stg,r_dc_3ls_ro,g_dc_d_3ls_ro,Пользователь,,
/data/custom/rb/snul/pa,custom_rb_snul,r_dc_custom_team_rozn_rw,g_dc_d_custom_team_rozn_rw,ТУЗ,u_dc_s_custom_rb,
/data/custom/rb/snul/pa,custom_rb_snul,r_dc_3ls_ro,g_dc_d_3ls_ro,Пользователь,,
/data/custom/rb/snul/pa,custom_rb_snul,r_dc_custom_rb_snul_ro,g_dc_d_custom_rb_snul_ro,Пользователь,,
/data/custom/rb/snul/stg,custom_rb_snul_stg,r_dc_custom_team_rozn_rw,g_dc_d_custom_team_rozn_rw,ТУЗ,u_dc_s_custom_rb,
/data/custom/rb/snul/stg,custom_rb_snul_stg,r_dc_3ls_ro,g_dc_d_3ls_ro,Пользователь,,
/data/custom/rb/spoobk/pa,custom_rb_spoobk,r_dc_custom_team_rozn_rw,g_dc_d_custom_team_rozn_rw,ТУЗ,u_dc_s_custom_rb,
/data/custom/rb/spoobk/pa,custom_rb_spoobk,r_dc_3ls_ro,g_dc_d_3ls_ro,Пользователь,,
/data/custom/rb/spoobk/pa,custom_rb_spoobk,r_dc_custom_rb_spoobk_ro,g_dc_d_custom_rb_spoobk_ro,Пользователь,,
/data/custom/rb/spoobk/stg,custom_rb_spoobk_stg,r_dc_custom_team_rozn_rw,g_dc_d_custom_team_rozn_rw,ТУЗ,u_dc_s_custom_rb,
/data/custom/rb/spoobk/stg,custom_rb_spoobk_stg,r_dc_3ls_ro,g_dc_d_3ls_ro,Пользователь,,
/data/custom/rb/stoplist/pa,custom_rb_stoplist,r_dc_custom_team_rozn_rw,g_dc_d_custom_team_rozn_rw,ТУЗ,u_dc_s_custom_rb,
/data/custom/rb/stoplist/pa,custom_rb_stoplist,r_dc_3ls_ro,g_dc_d_3ls_ro,Пользователь,,
/data/custom/rb/stoplist/pa,custom_rb_stoplist,r_dc_custom_rb_stoplist_ro,g_dc_d_custom_rb_stoplist_ro,Пользователь,,
/data/custom/rb/stoplist/stg,custom_rb_stoplist_stg,r_dc_custom_team_rozn_rw,g_dc_d_custom_team_rozn_rw,ТУЗ,u_dc_s_custom_rb,
/data/custom/rb/stoplist/stg,custom_rb_stoplist_stg,r_dc_3ls_ro,g_dc_d_3ls_ro,Пользователь,,
/data/custom/rb/triggers/pa,custom_rb_triggers,r_dc_custom_team_rozn_rw,g_dc_d_custom_team_rozn_rw,ТУЗ,u_dc_s_custom_rb,
/data/custom/rb/triggers/pa,custom_rb_triggers,r_dc_3ls_ro,g_dc_d_3ls_ro,Пользователь,,
/data/custom/rb/triggers/pa,custom_rb_triggers,r_dc_custom_rb_triggers_ro,g_dc_d_custom_rb_triggers_ro,Пользователь,,
/data/custom/rb/triggers/stg,custom_rb_triggers_stg,r_dc_custom_team_rozn_rw,g_dc_d_custom_team_rozn_rw,ТУЗ,u_dc_s_custom_rb,
/data/custom/rb/triggers/stg,custom_rb_triggers_stg,r_dc_3ls_ro,g_dc_d_3ls_ro,Пользователь,,
/data/custom/rb/tsm_retail/pa,custom_rb_tsm_retail,r_dc_custom_team_rozn_rw,g_dc_d_custom_team_rozn_rw,ТУЗ,u_dc_s_custom_rb,
/data/custom/rb/tsm_retail/pa,custom_rb_tsm_retail,r_dc_3ls_ro,g_dc_d_3ls_ro,Пользователь,,
/data/custom/rb/tsm_retail/pa,custom_rb_tsm_retail,r_dc_custom_rb_tsm_retail_ro,g_dc_d_custom_rb_tsm_retail_ro,Пользователь,,
/data/custom/rb/tsm_retail/stg,custom_rb_tsm_retail_stg,r_dc_custom_team_rozn_rw,g_dc_d_custom_team_rozn_rw,ТУЗ,u_dc_s_custom_rb,
/data/custom/rb/tsm_retail/stg,custom_rb_tsm_retail_stg,r_dc_3ls_ro,g_dc_d_3ls_ro,Пользователь,,
/data/custom/rb/tsm_sme/pa,custom_rb_tsm_sme,r_dc_custom_team_rozn_rw,g_dc_d_custom_team_rozn_rw,ТУЗ,u_dc_s_custom_rb,
/data/custom/rb/tsm_sme/pa,custom_rb_tsm_sme,r_dc_3ls_ro,g_dc_d_3ls_ro,Пользователь,,
/data/custom/rb/tsm_sme/pa,custom_rb_tsm_sme,r_dc_custom_rb_tsm_sme_ro,g_dc_d_custom_rb_tsm_sme_ro,Пользователь,,
/data/custom/rb/tsm_sme/stg,custom_rb_tsm_sme_stg,r_dc_custom_team_rozn_rw,g_dc_d_custom_team_rozn_rw,ТУЗ,u_dc_s_custom_rb,
/data/custom/rb/tsm_sme/stg,custom_rb_tsm_sme_stg,r_dc_3ls_ro,g_dc_d_3ls_ro,Пользователь,,
/data/custom/rb/yandexmarket/pa,custom_rb_yandexmarket,r_dc_custom_team_rozn_rw,g_dc_d_custom_team_rozn_rw,ТУЗ,u_dc_s_custom_rb,
/data/custom/rb/yandexmarket/pa,custom_rb_yandexmarket,r_dc_3ls_ro,g_dc_d_3ls_ro,Пользователь,,
/data/custom/rb/yandexmarket/pa,custom_rb_yandexmarket,r_dc_custom_rb_yandexmarket_ro,g_dc_d_custom_rb_yandexmarket_ro,Пользователь,,
/data/custom/rb/yandexmarket/stg,custom_rb_yandexmarket_stg,r_dc_custom_team_rozn_rw,g_dc_d_custom_team_rozn_rw,ТУЗ,u_dc_s_custom_rb,
/data/custom/rb/yandexmarket/stg,custom_rb_yandexmarket_stg,r_dc_3ls_ro,g_dc_d_3ls_ro,Пользователь,,
/data/custom/rb/yupiter/pa,custom_rb_yupiter,r_dc_custom_team_rozn_rw,g_dc_d_custom_team_rozn_rw,ТУЗ,u_dc_s_custom_rb,
/data/custom/rb/yupiter/pa,custom_rb_yupiter,r_dc_3ls_ro,g_dc_d_3ls_ro,Пользователь,,
/data/custom/rb/yupiter/pa,custom_rb_yupiter,r_dc_custom_rb_yupiter_ro,g_dc_d_custom_rb_yupiter_ro,Пользователь,,
/data/custom/rb/yupiter/stg,custom_rb_yupiter_stg,r_dc_custom_team_rozn_rw,g_dc_d_custom_team_rozn_rw,ТУЗ,u_dc_s_custom_rb,
/data/custom/rb/yupiter/stg,custom_rb_yupiter_stg,r_dc_3ls_ro,g_dc_d_3ls_ro,Пользователь,,
/data/custom/rb/risk/trig/input,custom_risk_trig_input,r_dc_custom_team_rozn_rw,g_dc_d_custom_team_rozn_rw,ТУЗ,u_dc_s_custom_rb,
/data/custom/rb/risk/trig/input,custom_risk_trig_input,r_dc_3ls_ro,g_dc_d_3ls_ro,Пользователь,,
/data/custom/rb/risk/trig/input,custom_risk_trig_input,r_dc_custom_risk_trig_input_ro,g_dc_d_custom_risk_trig_input_ro,Пользователь,,
/data/custom/rb/clickstream/pa,custom_rb_clickstream,r_dc_custom_team_rozn_rw,g_dc_d_custom_team_rozn_rw,ТУЗ,u_dc_s_custom_rb,
/data/custom/rb/clickstream/pa,custom_rb_clickstream,r_dc_3ls_ro,g_dc_d_3ls_ro,Пользователь,,
/data/custom/rb/clickstream/pa,custom_rb_clickstream,r_dc_custom_rb_clickstream_ro,g_dc_d_custom_rb_clickstream_ro,Пользователь,,
/data/custom/rb/clickstream/stg,custom_rb_clickstream_stg,r_dc_custom_team_rozn_rw,g_dc_d_custom_team_rozn_rw,ТУЗ,u_dc_s_custom_rb,
/data/custom/rb/clickstream/stg,custom_rb_clickstream_stg,r_dc_3ls_ro,g_dc_d_3ls_ro,Пользователь,,
,internal_ekp_ibs,r_dc_internal_ekp_ibs_ro,g_dc_d_internal_ekp_ibs_ro,ТУЗ,u_dc_s_custom_rb,
,internal_ekp_ibs_hist,r_dc_internal_ekp_ibs_hist_ro,g_dc_d_internal_ekp_ibs_hist_ro,ТУЗ,u_dc_s_custom_rb,
,internal_way4_ows,r_dc_internal_way4_ows_ro,g_dc_d_internal_way4_ows_ro,ТУЗ,u_dc_s_custom_rb,
,internal_way4_ows_hist,r_dc_internal_way4_ows_hist_ro,g_dc_d_internal_way4_ows_hist_ro,ТУЗ,u_dc_s_custom_rb,
,internal_way4dm_dtw4c,r_dc_internal_way4dm_dtw4c_ro,g_dc_d_internal_way4dm_dtw4c_ro,ТУЗ,u_dc_s_custom_rb,
,internal_way4dm_dtw4c_hist,r_dc_internal_way4dm_dtw4c_hist_ro,g_dc_d_internal_way4dm_dtw4c_hist_ro,ТУЗ,u_dc_s_custom_rb,
,internal_erib_srb_ikfl,r_dc_internal_erib_srb_ikfl_ro,g_dc_d_internal_erib_srb_ikfl_ro,ТУЗ,u_dc_s_custom_rb,
,internal_erib_srb_ikfl_hist,r_dc_internal_erib_srb_ikfl_hist_ro,g_dc_d_internal_erib_srb_ikfl_hist_ro,ТУЗ,u_dc_s_custom_rb,
,internal_erib_srb_ikfl2,r_dc_internal_erib_srb_ikfl2_ro,g_dc_d_internal_erib_srb_ikfl2_ro,ТУЗ,u_dc_s_custom_rb,
,internal_erib_srb_ikfl2_hist,r_dc_internal_erib_srb_ikfl2_hist_ro,g_dc_d_internal_erib_srb_ikfl2_hist_ro,ТУЗ,u_dc_s_custom_rb,
,internal_erib_srb_ikfl3,r_dc_internal_erib_srb_ikfl3_ro,g_dc_d_internal_erib_srb_ikfl3_ro,ТУЗ,u_dc_s_custom_rb,
,internal_erib_srb_ikfl3_hist,r_dc_internal_erib_srb_ikfl3_hist_ro,g_dc_d_internal_erib_srb_ikfl3_hist_ro,ТУЗ,u_dc_s_custom_rb,
,internal_erib_srb_ikfl4,r_dc_internal_erib_srb_ikfl4_ro,g_dc_d_internal_erib_srb_ikfl4_ro,ТУЗ,u_dc_s_custom_rb,
,internal_erib_srb_ikfl4_hist,r_dc_internal_erib_srb_ikfl4_hist_ro,g_dc_d_internal_erib_srb_ikfl4_hist_ro,ТУЗ,u_dc_s_custom_rb,
,internal_erib_srb_ikfl_gf,r_dc_internal_erib_srb_ikfl_gf_ro,g_dc_d_internal_erib_srb_ikfl_gf_ro,ТУЗ,u_dc_s_custom_rb,
,internal_erib_srb_ikfl_gf_hist,r_dc_internal_erib_srb_ikfl_gf_hist_ro,g_dc_d_internal_erib_srb_ikfl_gf_hist_ro,ТУЗ,u_dc_s_custom_rb,
,internal_mdm_mdm,r_dc_internal_mdm_mdm_ro,g_dc_d_internal_mdm_mdm_ro,ТУЗ,u_dc_s_custom_rb,
,internal_mdm_mdm_hist,r_dc_internal_mdm_mdm_hist_ro,g_dc_d_internal_mdm_mdm_hist_ro,ТУЗ,u_dc_s_custom_rb,
,internal_eps_ibs,r_dc_internal_eps_ibs_ro,g_dc_d_internal_eps_ibs_ro,ТУЗ,u_dc_s_custom_rb,
,internal_eps_ibs_hist,r_dc_internal_eps_ibs_hist_ro,g_dc_d_internal_eps_ibs_hist_ro,ТУЗ,u_dc_s_custom_rb,
,internal_autopay_autopay,r_dc_internal_autopay_autopay_ro,g_dc_d_internal_autopay_autopay_ro,ТУЗ,u_dc_s_custom_rb,
,internal_autopay_autopay_hist,r_dc_internal_autopay_autopay_hist_ro,g_dc_d_internal_autopay_autopay_hist_ro,ТУЗ,u_dc_s_custom_rb,
,internal_autopayment_dbo,r_dc_internal_autopayment_dbo_ro,g_dc_d_internal_autopayment_dbo_ro,ТУЗ,u_dc_s_custom_rb,
,internal_autopayment_dbo_hist,r_dc_internal_autopayment_dbo_hist_ro,g_dc_d_internal_autopayment_dbo_hist_ro,ТУЗ,u_dc_s_custom_rb,
,internal_infobank_dbo,r_dc_internal_infobank_dbo_ro,g_dc_d_internal_infobank_dbo_ro,ТУЗ,u_dc_s_custom_rb,
,internal_infobank_dbo_hist,r_dc_internal_infobank_dbo_hist_ro,g_dc_d_internal_infobank_dbo_hist_ro,ТУЗ,u_dc_s_custom_rb,
,internal_cod13_integrator,r_dc_internal_cod13_integrator_ro,g_dc_d_internal_cod13_integrator_ro,ТУЗ,u_dc_s_custom_rb,
,internal_cod16_integrator,r_dc_internal_cod16_integrator_ro,g_dc_d_internal_cod16_integrator_ro,ТУЗ,u_dc_s_custom_rb,
,internal_cod18_integrator,r_dc_internal_cod18_integrator_ro,g_dc_d_internal_cod18_integrator_ro,ТУЗ,u_dc_s_custom_rb,
,internal_cod38_integrator,r_dc_internal_cod38_integrator_ro,g_dc_d_internal_cod38_integrator_ro,ТУЗ,u_dc_s_custom_rb,
,internal_cod40_integrator,r_dc_internal_cod40_integrator_ro,g_dc_d_internal_cod40_integrator_ro,ТУЗ,u_dc_s_custom_rb,
,internal_cod42_integrator,r_dc_internal_cod42_integrator_ro,g_dc_d_internal_cod42_integrator_ro,ТУЗ,u_dc_s_custom_rb,
,internal_cod44_integrator,r_dc_internal_cod44_integrator_ro,g_dc_d_internal_cod44_integrator_ro,ТУЗ,u_dc_s_custom_rb,
,internal_cod49_integrator,r_dc_internal_cod49_integrator_ro,g_dc_d_internal_cod49_integrator_ro,ТУЗ,u_dc_s_custom_rb,
,internal_cod52_integrator,r_dc_internal_cod52_integrator_ro,g_dc_d_internal_cod52_integrator_ro,ТУЗ,u_dc_s_custom_rb,
,internal_cod54_integrator,r_dc_internal_cod54_integrator_ro,g_dc_d_internal_cod54_integrator_ro,ТУЗ,u_dc_s_custom_rb,
,internal_cod55_integrator,r_dc_internal_cod55_integrator_ro,g_dc_d_internal_cod55_integrator_ro,ТУЗ,u_dc_s_custom_rb,
,internal_cod67_integrator,r_dc_internal_cod67_integrator_ro,g_dc_d_internal_cod67_integrator_ro,ТУЗ,u_dc_s_custom_rb,
,internal_cod70_integrator,r_dc_internal_cod70_integrator_ro,g_dc_d_internal_cod70_integrator_ro,ТУЗ,u_dc_s_custom_rb,
,internal_cod77_integrator,r_dc_internal_cod77_integrator_ro,g_dc_d_internal_cod77_integrator_ro,ТУЗ,u_dc_s_custom_rb,
,internal_cod13_offcash,r_dc_internal_cod13_offcash_ro,g_dc_d_internal_cod13_offcash_ro,ТУЗ,u_dc_s_custom_rb,
,internal_cod16_offcash,r_dc_internal_cod16_offcash_ro,g_dc_d_internal_cod16_offcash_ro,ТУЗ,u_dc_s_custom_rb,
,internal_cod18_offcash,r_dc_internal_cod18_offcash_ro,g_dc_d_internal_cod18_offcash_ro,ТУЗ,u_dc_s_custom_rb,
,internal_cod38_offcash,r_dc_internal_cod38_offcash_ro,g_dc_d_internal_cod38_offcash_ro,ТУЗ,u_dc_s_custom_rb,
,internal_cod40_offcash,r_dc_internal_cod40_offcash_ro,g_dc_d_internal_cod40_offcash_ro,ТУЗ,u_dc_s_custom_rb,
,internal_cod42_offcash,r_dc_internal_cod42_offcash_ro,g_dc_d_internal_cod42_offcash_ro,ТУЗ,u_dc_s_custom_rb,
,internal_cod44_offcash,r_dc_internal_cod44_offcash_ro,g_dc_d_internal_cod44_offcash_ro,ТУЗ,u_dc_s_custom_rb,
,internal_cod49_offcash,r_dc_internal_cod49_offcash_ro,g_dc_d_internal_cod49_offcash_ro,ТУЗ,u_dc_s_custom_rb,
,internal_cod52_offcash,r_dc_internal_cod52_offcash_ro,g_dc_d_internal_cod52_offcash_ro,ТУЗ,u_dc_s_custom_rb,
,internal_cod54_offcash,r_dc_internal_cod54_offcash_ro,g_dc_d_internal_cod54_offcash_ro,ТУЗ,u_dc_s_custom_rb,
,internal_cod55_offcash,r_dc_internal_cod55_offcash_ro,g_dc_d_internal_cod55_offcash_ro,ТУЗ,u_dc_s_custom_rb,
,internal_cod67_offcash,r_dc_internal_cod67_offcash_ro,g_dc_d_internal_cod67_offcash_ro,ТУЗ,u_dc_s_custom_rb,
,internal_cod70_offcash,r_dc_internal_cod70_offcash_ro,g_dc_d_internal_cod70_offcash_ro,ТУЗ,u_dc_s_custom_rb,
,internal_cod77_offcash,r_dc_internal_cod77_offcash_ro,g_dc_d_internal_cod77_offcash_ro,ТУЗ,u_dc_s_custom_rb,
,internal_cod13_integrator_hist,r_dc_internal_cod13_integrator_hist_ro,g_dc_d_internal_cod13_integrator_hist_ro,ТУЗ,u_dc_s_custom_rb,
,internal_cod16_integrator_hist,r_dc_internal_cod16_integrator_hist_ro,g_dc_d_internal_cod16_integrator_hist_ro,ТУЗ,u_dc_s_custom_rb,
,internal_cod18_integrator_hist,r_dc_internal_cod18_integrator_hist_ro,g_dc_d_internal_cod18_integrator_hist_ro,ТУЗ,u_dc_s_custom_rb,
,internal_cod38_integrator_hist,r_dc_internal_cod38_integrator_hist_ro,g_dc_d_internal_cod38_integrator_hist_ro,ТУЗ,u_dc_s_custom_rb,
,internal_cod40_integrator_hist,r_dc_internal_cod40_integrator_hist_ro,g_dc_d_internal_cod40_integrator_hist_ro,ТУЗ,u_dc_s_custom_rb,
,internal_cod42_integrator_hist,r_dc_internal_cod42_integrator_hist_ro,g_dc_d_internal_cod42_integrator_hist_ro,ТУЗ,u_dc_s_custom_rb,
,internal_cod44_integrator_hist,r_dc_internal_cod44_integrator_hist_ro,g_dc_d_internal_cod44_integrator_hist_ro,ТУЗ,u_dc_s_custom_rb,
,internal_cod49_integrator_hist,r_dc_internal_cod49_integrator_hist_ro,g_dc_d_internal_cod49_integrator_hist_ro,ТУЗ,u_dc_s_custom_rb,
,internal_cod52_integrator_hist,r_dc_internal_cod52_integrator_hist_ro,g_dc_d_internal_cod52_integrator_hist_ro,ТУЗ,u_dc_s_custom_rb,
,internal_cod54_integrator_hist,r_dc_internal_cod54_integrator_hist_ro,g_dc_d_internal_cod54_integrator_hist_ro,ТУЗ,u_dc_s_custom_rb,
,internal_cod55_integrator_hist,r_dc_internal_cod55_integrator_hist_ro,g_dc_d_internal_cod55_integrator_hist_ro,ТУЗ,u_dc_s_custom_rb,
,internal_cod67_integrator_hist,r_dc_internal_cod67_integrator_hist_ro,g_dc_d_internal_cod67_integrator_hist_ro,ТУЗ,u_dc_s_custom_rb,
,internal_cod70_integrator_hist,r_dc_internal_cod70_integrator_hist_ro,g_dc_d_internal_cod70_integrator_hist_ro,ТУЗ,u_dc_s_custom_rb,
,internal_cod77_integrator_hist,r_dc_internal_cod77_integrator_hist_ro,g_dc_d_internal_cod77_integrator_hist_ro,ТУЗ,u_dc_s_custom_rb,
,internal_cod13_offcash_hist,r_dc_internal_cod13_offcash_hist_ro,g_dc_d_internal_cod13_offcash_hist_ro,ТУЗ,u_dc_s_custom_rb,
,internal_cod16_offcash_hist,r_dc_internal_cod16_offcash_hist_ro,g_dc_d_internal_cod16_offcash_hist_ro,ТУЗ,u_dc_s_custom_rb,
,internal_cod18_offcash_hist,r_dc_internal_cod18_offcash_hist_ro,g_dc_d_internal_cod18_offcash_hist_ro,ТУЗ,u_dc_s_custom_rb,
,internal_cod38_offcash_hist,r_dc_internal_cod38_offcash_hist_ro,g_dc_d_internal_cod38_offcash_hist_ro,ТУЗ,u_dc_s_custom_rb,
,internal_cod40_offcash_hist,r_dc_internal_cod40_offcash_hist_ro,g_dc_d_internal_cod40_offcash_hist_ro,ТУЗ,u_dc_s_custom_rb,
,internal_cod42_offcash_hist,r_dc_internal_cod42_offcash_hist_ro,g_dc_d_internal_cod42_offcash_hist_ro,ТУЗ,u_dc_s_custom_rb,
,internal_cod44_offcash_hist,r_dc_internal_cod44_offcash_hist_ro,g_dc_d_internal_cod44_offcash_hist_ro,ТУЗ,u_dc_s_custom_rb,
,internal_cod49_offcash_hist,r_dc_internal_cod49_offcash_hist_ro,g_dc_d_internal_cod49_offcash_hist_ro,ТУЗ,u_dc_s_custom_rb,
,internal_cod52_offcash_hist,r_dc_internal_cod52_offcash_hist_ro,g_dc_d_internal_cod52_offcash_hist_ro,ТУЗ,u_dc_s_custom_rb,
,internal_cod54_offcash_hist,r_dc_internal_cod54_offcash_hist_ro,g_dc_d_internal_cod54_offcash_hist_ro,ТУЗ,u_dc_s_custom_rb,
,internal_cod55_offcash_hist,r_dc_internal_cod55_offcash_hist_ro,g_dc_d_internal_cod55_offcash_hist_ro,ТУЗ,u_dc_s_custom_rb,
,internal_cod67_offcash_hist,r_dc_internal_cod67_offcash_hist_ro,g_dc_d_internal_cod67_offcash_hist_ro,ТУЗ,u_dc_s_custom_rb,
,internal_cod70_offcash_hist,r_dc_internal_cod70_offcash_hist_ro,g_dc_d_internal_cod70_offcash_hist_ro,ТУЗ,u_dc_s_custom_rb,
,internal_cod77_offcash_hist,r_dc_internal_cod77_offcash_hist_ro,g_dc_d_internal_cod77_offcash_hist_ro,ТУЗ,u_dc_s_custom_rb,
,internal_cod13_deposit,r_dc_internal_cod13_deposit_ro,g_dc_d_internal_cod13_deposit_ro,ТУЗ,u_dc_s_custom_rb,
,internal_cod16_deposit,r_dc_internal_cod16_deposit_ro,g_dc_d_internal_cod16_deposit_ro,ТУЗ,u_dc_s_custom_rb,
,internal_cod18_deposit,r_dc_internal_cod18_deposit_ro,g_dc_d_internal_cod18_deposit_ro,ТУЗ,u_dc_s_custom_rb,
,internal_cod38_deposit,r_dc_internal_cod38_deposit_ro,g_dc_d_internal_cod38_deposit_ro,ТУЗ,u_dc_s_custom_rb,
,internal_cod40_deposit,r_dc_internal_cod40_deposit_ro,g_dc_d_internal_cod40_deposit_ro,ТУЗ,u_dc_s_custom_rb,
,internal_cod42_deposit,r_dc_internal_cod42_deposit_ro,g_dc_d_internal_cod42_deposit_ro,ТУЗ,u_dc_s_custom_rb,
,internal_cod44_deposit,r_dc_internal_cod44_deposit_ro,g_dc_d_internal_cod44_deposit_ro,ТУЗ,u_dc_s_custom_rb,
,internal_cod49_deposit,r_dc_internal_cod49_deposit_ro,g_dc_d_internal_cod49_deposit_ro,ТУЗ,u_dc_s_custom_rb,
,internal_cod52_deposit,r_dc_internal_cod52_deposit_ro,g_dc_d_internal_cod52_deposit_ro,ТУЗ,u_dc_s_custom_rb,
,internal_cod54_deposit,r_dc_internal_cod54_deposit_ro,g_dc_d_internal_cod54_deposit_ro,ТУЗ,u_dc_s_custom_rb,
,internal_cod55_deposit,r_dc_internal_cod55_deposit_ro,g_dc_d_internal_cod55_deposit_ro,ТУЗ,u_dc_s_custom_rb,
,internal_cod67_deposit,r_dc_internal_cod67_deposit_ro,g_dc_d_internal_cod67_deposit_ro,ТУЗ,u_dc_s_custom_rb,
,internal_cod70_deposit,r_dc_internal_cod70_deposit_ro,g_dc_d_internal_cod70_deposit_ro,ТУЗ,u_dc_s_custom_rb,
,internal_cod77_deposit,r_dc_internal_cod77_deposit_ro,g_dc_d_internal_cod77_deposit_ro,ТУЗ,u_dc_s_custom_rb,
,internal_cod13_deposit_hist,r_dc_internal_cod13_deposit_hist_ro,g_dc_d_internal_cod13_deposit_hist_ro,ТУЗ,u_dc_s_custom_rb,
,internal_cod16_deposit_hist,r_dc_internal_cod16_deposit_hist_ro,g_dc_d_internal_cod16_deposit_hist_ro,ТУЗ,u_dc_s_custom_rb,
,internal_cod18_deposit_hist,r_dc_internal_cod18_deposit_hist_ro,g_dc_d_internal_cod18_deposit_hist_ro,ТУЗ,u_dc_s_custom_rb,
,internal_cod38_deposit_hist,r_dc_internal_cod38_deposit_hist_ro,g_dc_d_internal_cod38_deposit_hist_ro,ТУЗ,u_dc_s_custom_rb,
,internal_cod40_deposit_hist,r_dc_internal_cod40_deposit_hist_ro,g_dc_d_internal_cod40_deposit_hist_ro,ТУЗ,u_dc_s_custom_rb,
,internal_cod42_deposit_hist,r_dc_internal_cod42_deposit_hist_ro,g_dc_d_internal_cod42_deposit_hist_ro,ТУЗ,u_dc_s_custom_rb,
,internal_cod44_deposit_hist,r_dc_internal_cod44_deposit_hist_ro,g_dc_d_internal_cod44_deposit_hist_ro,ТУЗ,u_dc_s_custom_rb,
,internal_cod49_deposit_hist,r_dc_internal_cod49_deposit_hist_ro,g_dc_d_internal_cod49_deposit_hist_ro,ТУЗ,u_dc_s_custom_rb,
,internal_cod52_deposit_hist,r_dc_internal_cod52_deposit_hist_ro,g_dc_d_internal_cod52_deposit_hist_ro,ТУЗ,u_dc_s_custom_rb,
,internal_cod54_deposit_hist,r_dc_internal_cod54_deposit_hist_ro,g_dc_d_internal_cod54_deposit_hist_ro,ТУЗ,u_dc_s_custom_rb,
,internal_cod55_deposit_hist,r_dc_internal_cod55_deposit_hist_ro,g_dc_d_internal_cod55_deposit_hist_ro,ТУЗ,u_dc_s_custom_rb,
,internal_cod67_deposit_hist,r_dc_internal_cod67_deposit_hist_ro,g_dc_d_internal_cod67_deposit_hist_ro,ТУЗ,u_dc_s_custom_rb,
,internal_cod70_deposit_hist,r_dc_internal_cod70_deposit_hist_ro,g_dc_d_internal_cod70_deposit_hist_ro,ТУЗ,u_dc_s_custom_rb,
,internal_cod77_deposit_hist,r_dc_internal_cod77_deposit_hist_ro,g_dc_d_internal_cod77_deposit_hist_ro,ТУЗ,u_dc_s_custom_rb,
,internal_cod13_nsi,r_dc_internal_cod13_nsi_ro,g_dc_d_internal_cod13_nsi_ro,ТУЗ,u_dc_s_custom_rb,
,internal_cod16_nsi,r_dc_internal_cod16_nsi_ro,g_dc_d_internal_cod16_nsi_ro,ТУЗ,u_dc_s_custom_rb,
,internal_cod18_nsi,r_dc_internal_cod18_nsi_ro,g_dc_d_internal_cod18_nsi_ro,ТУЗ,u_dc_s_custom_rb,
,internal_cod38_nsi,r_dc_internal_cod38_nsi_ro,g_dc_d_internal_cod38_nsi_ro,ТУЗ,u_dc_s_custom_rb,
,internal_cod40_nsi,r_dc_internal_cod40_nsi_ro,g_dc_d_internal_cod40_nsi_ro,ТУЗ,u_dc_s_custom_rb,
,internal_cod42_nsi,r_dc_internal_cod42_nsi_ro,g_dc_d_internal_cod42_nsi_ro,ТУЗ,u_dc_s_custom_rb,
,internal_cod44_nsi,r_dc_internal_cod44_nsi_ro,g_dc_d_internal_cod44_nsi_ro,ТУЗ,u_dc_s_custom_rb,
,internal_cod49_nsi,r_dc_internal_cod49_nsi_ro,g_dc_d_internal_cod49_nsi_ro,ТУЗ,u_dc_s_custom_rb,
,internal_cod52_nsi,r_dc_internal_cod52_nsi_ro,g_dc_d_internal_cod52_nsi_ro,ТУЗ,u_dc_s_custom_rb,
,internal_cod54_nsi,r_dc_internal_cod54_nsi_ro,g_dc_d_internal_cod54_nsi_ro,ТУЗ,u_dc_s_custom_rb,
,internal_cod55_nsi,r_dc_internal_cod55_nsi_ro,g_dc_d_internal_cod55_nsi_ro,ТУЗ,u_dc_s_custom_rb,
,internal_cod67_nsi,r_dc_internal_cod67_nsi_ro,g_dc_d_internal_cod67_nsi_ro,ТУЗ,u_dc_s_custom_rb,
,internal_cod70_nsi,r_dc_internal_cod70_nsi_ro,g_dc_d_internal_cod70_nsi_ro,ТУЗ,u_dc_s_custom_rb,
,internal_cod77_nsi,r_dc_internal_cod77_nsi_ro,g_dc_d_internal_cod77_nsi_ro,ТУЗ,u_dc_s_custom_rb,
,internal_cod13_nsi_hist,r_dc_internal_cod13_nsi_hist_ro,g_dc_d_internal_cod13_nsi_hist_ro,ТУЗ,u_dc_s_custom_rb,
,internal_cod16_nsi_hist,r_dc_internal_cod16_nsi_hist_ro,g_dc_d_internal_cod16_nsi_hist_ro,ТУЗ,u_dc_s_custom_rb,
,internal_cod18_nsi_hist,r_dc_internal_cod18_nsi_hist_ro,g_dc_d_internal_cod18_nsi_hist_ro,ТУЗ,u_dc_s_custom_rb,
,internal_cod38_nsi_hist,r_dc_internal_cod38_nsi_hist_ro,g_dc_d_internal_cod38_nsi_hist_ro,ТУЗ,u_dc_s_custom_rb,
,internal_cod40_nsi_hist,r_dc_internal_cod40_nsi_hist_ro,g_dc_d_internal_cod40_nsi_hist_ro,ТУЗ,u_dc_s_custom_rb,
,internal_cod42_nsi_hist,r_dc_internal_cod42_nsi_hist_ro,g_dc_d_internal_cod42_nsi_hist_ro,ТУЗ,u_dc_s_custom_rb,
,internal_cod44_nsi_hist,r_dc_internal_cod44_nsi_hist_ro,g_dc_d_internal_cod44_nsi_hist_ro,ТУЗ,u_dc_s_custom_rb,
,internal_cod49_nsi_hist,r_dc_internal_cod49_nsi_hist_ro,g_dc_d_internal_cod49_nsi_hist_ro,ТУЗ,u_dc_s_custom_rb,
,internal_cod52_nsi_hist,r_dc_internal_cod52_nsi_hist_ro,g_dc_d_internal_cod52_nsi_hist_ro,ТУЗ,u_dc_s_custom_rb,
,internal_cod54_nsi_hist,r_dc_internal_cod54_nsi_hist_ro,g_dc_d_internal_cod54_nsi_hist_ro,ТУЗ,u_dc_s_custom_rb,
,internal_cod55_nsi_hist,r_dc_internal_cod55_nsi_hist_ro,g_dc_d_internal_cod55_nsi_hist_ro,ТУЗ,u_dc_s_custom_rb,
,internal_cod67_nsi_hist,r_dc_internal_cod67_nsi_hist_ro,g_dc_d_internal_cod67_nsi_hist_ro,ТУЗ,u_dc_s_custom_rb,
,internal_cod70_nsi_hist,r_dc_internal_cod70_nsi_hist_ro,g_dc_d_internal_cod70_nsi_hist_ro,ТУЗ,u_dc_s_custom_rb,
,internal_cod77_nsi_hist,r_dc_internal_cod77_nsi_hist_ro,g_dc_d_internal_cod77_nsi_hist_ro,ТУЗ,u_dc_s_custom_rb,
,internal_cod13_client,r_dc_internal_cod13_client_ro,g_dc_d_internal_cod13_client_ro,ТУЗ,u_dc_s_custom_rb,
,internal_cod16_client,r_dc_internal_cod16_client_ro,g_dc_d_internal_cod16_client_ro,ТУЗ,u_dc_s_custom_rb,
,internal_cod18_client,r_dc_internal_cod18_client_ro,g_dc_d_internal_cod18_client_ro,ТУЗ,u_dc_s_custom_rb,
,internal_cod38_client,r_dc_internal_cod38_client_ro,g_dc_d_internal_cod38_client_ro,ТУЗ,u_dc_s_custom_rb,
,internal_cod40_client,r_dc_internal_cod40_client_ro,g_dc_d_internal_cod40_client_ro,ТУЗ,u_dc_s_custom_rb,
,internal_cod42_client,r_dc_internal_cod42_client_ro,g_dc_d_internal_cod42_client_ro,ТУЗ,u_dc_s_custom_rb,
,internal_cod44_client,r_dc_internal_cod44_client_ro,g_dc_d_internal_cod44_client_ro,ТУЗ,u_dc_s_custom_rb,
,internal_cod49_client,r_dc_internal_cod49_client_ro,g_dc_d_internal_cod49_client_ro,ТУЗ,u_dc_s_custom_rb,
,internal_cod52_client,r_dc_internal_cod52_client_ro,g_dc_d_internal_cod52_client_ro,ТУЗ,u_dc_s_custom_rb,
,internal_cod54_client,r_dc_internal_cod54_client_ro,g_dc_d_internal_cod54_client_ro,ТУЗ,u_dc_s_custom_rb,
,internal_cod55_client,r_dc_internal_cod55_client_ro,g_dc_d_internal_cod55_client_ro,ТУЗ,u_dc_s_custom_rb,
,internal_cod67_client,r_dc_internal_cod67_client_ro,g_dc_d_internal_cod67_client_ro,ТУЗ,u_dc_s_custom_rb,
,internal_cod70_client,r_dc_internal_cod70_client_ro,g_dc_d_internal_cod70_client_ro,ТУЗ,u_dc_s_custom_rb,
,internal_cod77_client,r_dc_internal_cod77_client_ro,g_dc_d_internal_cod77_client_ro,ТУЗ,u_dc_s_custom_rb,
,internal_cod13_client_hist,r_dc_internal_cod13_client_hist_ro,g_dc_d_internal_cod13_client_hist_ro,ТУЗ,u_dc_s_custom_rb,
,internal_cod16_client_hist,r_dc_internal_cod16_client_hist_ro,g_dc_d_internal_cod16_client_hist_ro,ТУЗ,u_dc_s_custom_rb,
,internal_cod18_client_hist,r_dc_internal_cod18_client_hist_ro,g_dc_d_internal_cod18_client_hist_ro,ТУЗ,u_dc_s_custom_rb,
,internal_cod38_client_hist,r_dc_internal_cod38_client_hist_ro,g_dc_d_internal_cod38_client_hist_ro,ТУЗ,u_dc_s_custom_rb,
,internal_cod40_client_hist,r_dc_internal_cod40_client_hist_ro,g_dc_d_internal_cod40_client_hist_ro,ТУЗ,u_dc_s_custom_rb,
,internal_cod42_client_hist,r_dc_internal_cod42_client_hist_ro,g_dc_d_internal_cod42_client_hist_ro,ТУЗ,u_dc_s_custom_rb,
,internal_cod44_client_hist,r_dc_internal_cod44_client_hist_ro,g_dc_d_internal_cod44_client_hist_ro,ТУЗ,u_dc_s_custom_rb,
,internal_cod49_client_hist,r_dc_internal_cod49_client_hist_ro,g_dc_d_internal_cod49_client_hist_ro,ТУЗ,u_dc_s_custom_rb,
,internal_cod52_client_hist,r_dc_internal_cod52_client_hist_ro,g_dc_d_internal_cod52_client_hist_ro,ТУЗ,u_dc_s_custom_rb,
,internal_cod54_client_hist,r_dc_internal_cod54_client_hist_ro,g_dc_d_internal_cod54_client_hist_ro,ТУЗ,u_dc_s_custom_rb,
,internal_cod55_client_hist,r_dc_internal_cod55_client_hist_ro,g_dc_d_internal_cod55_client_hist_ro,ТУЗ,u_dc_s_custom_rb,
,internal_cod67_client_hist,r_dc_internal_cod67_client_hist_ro,g_dc_d_internal_cod67_client_hist_ro,ТУЗ,u_dc_s_custom_rb,
,internal_cod70_client_hist,r_dc_internal_cod70_client_hist_ro,g_dc_d_internal_cod70_client_hist_ro,ТУЗ,u_dc_s_custom_rb,
,internal_cod77_client_hist,r_dc_internal_cod77_client_hist_ro,g_dc_d_internal_cod77_client_hist_ro,ТУЗ,u_dc_s_custom_rb,
,internal_cod13_irbis,r_dc_internal_cod13_irbis_ro,g_dc_d_internal_cod13_irbis_ro,ТУЗ,u_dc_s_custom_rb,
,internal_cod16_irbis,r_dc_internal_cod16_irbis_ro,g_dc_d_internal_cod16_irbis_ro,ТУЗ,u_dc_s_custom_rb,
,internal_cod18_irbis,r_dc_internal_cod18_irbis_ro,g_dc_d_internal_cod18_irbis_ro,ТУЗ,u_dc_s_custom_rb,
,internal_cod38_irbis,r_dc_internal_cod38_irbis_ro,g_dc_d_internal_cod38_irbis_ro,ТУЗ,u_dc_s_custom_rb,
,internal_cod40_irbis,r_dc_internal_cod40_irbis_ro,g_dc_d_internal_cod40_irbis_ro,ТУЗ,u_dc_s_custom_rb,
,internal_cod42_irbis,r_dc_internal_cod42_irbis_ro,g_dc_d_internal_cod42_irbis_ro,ТУЗ,u_dc_s_custom_rb,
,internal_cod44_irbis,r_dc_internal_cod44_irbis_ro,g_dc_d_internal_cod44_irbis_ro,ТУЗ,u_dc_s_custom_rb,
,internal_cod49_irbis,r_dc_internal_cod49_irbis_ro,g_dc_d_internal_cod49_irbis_ro,ТУЗ,u_dc_s_custom_rb,
,internal_cod52_irbis,r_dc_internal_cod52_irbis_ro,g_dc_d_internal_cod52_irbis_ro,ТУЗ,u_dc_s_custom_rb,
,internal_cod54_irbis,r_dc_internal_cod54_irbis_ro,g_dc_d_internal_cod54_irbis_ro,ТУЗ,u_dc_s_custom_rb,
,internal_cod55_irbis,r_dc_internal_cod55_irbis_ro,g_dc_d_internal_cod55_irbis_ro,ТУЗ,u_dc_s_custom_rb,
,internal_cod67_irbis,r_dc_internal_cod67_irbis_ro,g_dc_d_internal_cod67_irbis_ro,ТУЗ,u_dc_s_custom_rb,
,internal_cod70_irbis,r_dc_internal_cod70_irbis_ro,g_dc_d_internal_cod70_irbis_ro,ТУЗ,u_dc_s_custom_rb,
,internal_cod77_irbis,r_dc_internal_cod77_irbis_ro,g_dc_d_internal_cod77_irbis_ro,ТУЗ,u_dc_s_custom_rb,
,internal_cod13_irbis_hist,r_dc_internal_cod13_irbis_hist_ro,g_dc_d_internal_cod13_irbis_hist_ro,ТУЗ,u_dc_s_custom_rb,
,internal_cod16_irbis_hist,r_dc_internal_cod16_irbis_hist_ro,g_dc_d_internal_cod16_irbis_hist_ro,ТУЗ,u_dc_s_custom_rb,
,internal_cod18_irbis_hist,r_dc_internal_cod18_irbis_hist_ro,g_dc_d_internal_cod18_irbis_hist_ro,ТУЗ,u_dc_s_custom_rb,
,internal_cod38_irbis_hist,r_dc_internal_cod38_irbis_hist_ro,g_dc_d_internal_cod38_irbis_hist_ro,ТУЗ,u_dc_s_custom_rb,
,internal_cod40_irbis_hist,r_dc_internal_cod40_irbis_hist_ro,g_dc_d_internal_cod40_irbis_hist_ro,ТУЗ,u_dc_s_custom_rb,
,internal_cod42_irbis_hist,r_dc_internal_cod42_irbis_hist_ro,g_dc_d_internal_cod42_irbis_hist_ro,ТУЗ,u_dc_s_custom_rb,
,internal_cod44_irbis_hist,r_dc_internal_cod44_irbis_hist_ro,g_dc_d_internal_cod44_irbis_hist_ro,ТУЗ,u_dc_s_custom_rb,
,internal_cod49_irbis_hist,r_dc_internal_cod49_irbis_hist_ro,g_dc_d_internal_cod49_irbis_hist_ro,ТУЗ,u_dc_s_custom_rb,
,internal_cod52_irbis_hist,r_dc_internal_cod52_irbis_hist_ro,g_dc_d_internal_cod52_irbis_hist_ro,ТУЗ,u_dc_s_custom_rb,
,internal_cod54_irbis_hist,r_dc_internal_cod54_irbis_hist_ro,g_dc_d_internal_cod54_irbis_hist_ro,ТУЗ,u_dc_s_custom_rb,
,internal_cod55_irbis_hist,r_dc_internal_cod55_irbis_hist_ro,g_dc_d_internal_cod55_irbis_hist_ro,ТУЗ,u_dc_s_custom_rb,
,internal_cod67_irbis_hist,r_dc_internal_cod67_irbis_hist_ro,g_dc_d_internal_cod67_irbis_hist_ro,ТУЗ,u_dc_s_custom_rb,
,internal_cod70_irbis_hist,r_dc_internal_cod70_irbis_hist_ro,g_dc_d_internal_cod70_irbis_hist_ro,ТУЗ,u_dc_s_custom_rb,
,internal_cod77_irbis_hist,r_dc_internal_cod77_irbis_hist_ro,g_dc_d_internal_cod77_irbis_hist_ro,ТУЗ,u_dc_s_custom_rb,
,internal_tsm_sberbank_hooks,r_dc_internal_tsm_sberbank_hooks_ro,g_dc_d_internal_tsm_sberbank_hooks_ro,ТУЗ,u_dc_s_custom_rb,
,internal_tsm_transact,r_dc_internal_tsm_transact_ro,g_dc_d_internal_tsm_transact_ro,ТУЗ,u_dc_s_custom_rb,
,internal_tsm_ug_sbb,r_dc_internal_tsm_ug_sbb_ro,g_dc_d_internal_tsm_ug_sbb_ro,ТУЗ,u_dc_s_custom_rb,
,internal_tsm_kladr,r_dc_internal_tsm_kladr_ro,g_dc_d_internal_tsm_kladr_ro,ТУЗ,u_dc_s_custom_rb,
,internal_tsm_prodcat,r_dc_internal_tsm_prodcat_ro,g_dc_d_internal_tsm_prodcat_ro,ТУЗ,u_dc_s_custom_rb,
,internal_tsm_sberbank_hooks_hist,r_dc_internal_tsm_sberbank_hooks_hist_ro,g_dc_d_internal_tsm_sberbank_hooks_hist_ro,ТУЗ,u_dc_s_custom_rb,
,internal_tsm_transact_hist,r_dc_internal_tsm_transact_hist_ro,g_dc_d_internal_tsm_transact_hist_ro,ТУЗ,u_dc_s_custom_rb,
,internal_tsm_ug_sbb_hist,r_dc_internal_tsm_ug_sbb_hist_ro,g_dc_d_internal_tsm_ug_sbb_hist_ro,ТУЗ,u_dc_s_custom_rb,
,internal_tsm_kladr_hist,r_dc_internal_tsm_kladr_hist_ro,g_dc_d_internal_tsm_kladr_hist_ro,ТУЗ,u_dc_s_custom_rb,
,internal_tsm_prodcat_hist,r_dc_internal_tsm_prodcat_hist_ro,g_dc_d_internal_tsm_prodcat_hist_ro,ТУЗ,u_dc_s_custom_rb,
,internal_tsmsmp_sme,r_dc_internal_tsmsmp_sme_ro,g_dc_d_internal_tsmsmp_sme_ro,ТУЗ,u_dc_s_custom_rb,
,internal_tsmsmp_sme_data,r_dc_internal_tsmsmp_sme_data_ro,g_dc_d_internal_tsmsmp_sme_data_ro,ТУЗ,u_dc_s_custom_rb,
,internal_tsmsmp_sme_hooks,r_dc_internal_tsmsmp_sme_hooks_ro,g_dc_d_internal_tsmsmp_sme_hooks_ro,ТУЗ,u_dc_s_custom_rb,
,internal_tsmsmp_smeprodcat,r_dc_internal_tsmsmp_smeprodcat_ro,g_dc_d_internal_tsmsmp_smeprodcat_ro,ТУЗ,u_dc_s_custom_rb,
,internal_tsmsmp_ug_sbb,r_dc_internal_tsmsmp_ug_sbb_ro,g_dc_d_internal_tsmsmp_ug_sbb_ro,ТУЗ,u_dc_s_custom_rb,
,internal_tsmsmp_sme_hist,r_dc_internal_tsmsmp_sme_hist_ro,g_dc_d_internal_tsmsmp_sme_hist_ro,ТУЗ,u_dc_s_custom_rb,
,internal_tsmsmp_sme_data_hist,r_dc_internal_tsmsmp_sme_data_hist_ro,g_dc_d_internal_tsmsmp_sme_data_hist_ro,ТУЗ,u_dc_s_custom_rb,
,internal_tsmsmp_sme_hooks_hist,r_dc_internal_tsmsmp_sme_hooks_hist_ro,g_dc_d_internal_tsmsmp_sme_hooks_hist_ro,ТУЗ,u_dc_s_custom_rb,
,internal_tsmsmp_smeprodcat_hist,r_dc_internal_tsmsmp_smeprodcat_hist_ro,g_dc_d_internal_tsmsmp_smeprodcat_hist_ro,ТУЗ,u_dc_s_custom_rb,
,internal_tsmsmp_ug_sbb_hist,r_dc_internal_tsmsmp_ug_sbb_hist_ro,g_dc_d_internal_tsmsmp_ug_sbb_hist_ro,ТУЗ,u_dc_s_custom_rb,
,internal_tsm_express_kladr,r_dc_internal_tsm_express_kladr_ro,g_dc_d_internal_tsm_express_kladr_ro,ТУЗ,u_dc_s_custom_rb,
,internal_tsm_express_prodcat,r_dc_internal_tsm_express_prodcat_ro,g_dc_d_internal_tsm_express_prodcat_ro,ТУЗ,u_dc_s_custom_rb,
,internal_tsm_express_sberbank_hooks,r_dc_internal_tsm_express_sberbank_hooks_ro,g_dc_d_internal_tsm_express_sberbank_hooks_ro,ТУЗ,u_dc_s_custom_rb,
,internal_tsm_express_transact,r_dc_internal_tsm_express_transact_ro,g_dc_d_internal_tsm_express_transact_ro,ТУЗ,u_dc_s_custom_rb,
,internal_tsm_express_ugg_sbb,r_dc_internal_tsm_express_ugg_sbb_ro,g_dc_d_internal_tsm_express_ugg_sbb_ro,ТУЗ,u_dc_s_custom_rb,
,internal_tsm_express_kladr_hist,r_dc_internal_tsm_express_kladr_hist_ro,g_dc_d_internal_tsm_express_kladr_hist_ro,ТУЗ,u_dc_s_custom_rb,
,internal_tsm_express_prodcat_hist,r_dc_internal_tsm_express_prodcat_hist_ro,g_dc_d_internal_tsm_express_prodcat_hist_ro,ТУЗ,u_dc_s_custom_rb,
,internal_tsm_express_sberbank_hooks_hist,r_dc_internal_tsm_express_sberbank_hooks_hist_ro,g_dc_d_internal_tsm_express_sberbank_hooks_hist_ro,ТУЗ,u_dc_s_custom_rb,
,internal_tsm_express_transact_hist,r_dc_internal_tsm_express_transact_hist_ro,g_dc_d_internal_tsm_express_transact_hist_ro,ТУЗ,u_dc_s_custom_rb,
,internal_tsm_express_ugg_sbb_hist,r_dc_internal_tsm_express_ugg_sbb_hist_ro,g_dc_d_internal_tsm_express_ugg_sbb_hist_ro,ТУЗ,u_dc_s_custom_rb,
,internal_rsa_fl_rsa_core,r_dc_internal_rsa_fl_rsa_core_ro,g_dc_d_internal_rsa_fl_rsa_core_ro,ТУЗ,u_dc_s_custom_rb,
,internal_rsa_fl_rsa_core_hist,r_dc_internal_rsa_fl_rsa_core_hist_ro,g_dc_d_internal_rsa_fl_rsa_core_hist_ro,ТУЗ,u_dc_s_custom_rb,
,internal_spoobk2_spoobk,r_dc_internal_spoobk2_spoobk_ro,g_dc_d_internal_spoobk2_spoobk_ro,ТУЗ,u_dc_s_custom_rb,
,internal_spoobk2_spoobk_hist,r_dc_internal_spoobk2_spoobk_hist_ro,g_dc_d_internal_spoobk2_spoobk_hist_ro,ТУЗ,u_dc_s_custom_rb,
,internal_stoplist_cl,r_dc_internal_stoplist_cl_ro,g_dc_d_internal_stoplist_cl_ro,ТУЗ,u_dc_s_custom_rb,
,internal_stoplist_nsi,r_dc_internal_stoplist_nsi_ro,g_dc_d_internal_stoplist_nsi_ro,ТУЗ,u_dc_s_custom_rb,
,internal_stoplist_cl_hist,r_dc_internal_stoplist_cl_hist_ro,g_dc_d_internal_stoplist_cl_hist_ro,ТУЗ,u_dc_s_custom_rb,
,internal_stoplist_nsi_hist,r_dc_internal_stoplist_nsi_hist_ro,g_dc_d_internal_stoplist_nsi_hist_ro,ТУЗ,u_dc_s_custom_rb,
,internal_smartvista_cfs_depot,r_dc_internal_smartvista_cfs_depot_ro,g_dc_d_internal_smartvista_cfs_depot_ro,ТУЗ,u_dc_s_custom_rb,
,internal_smartvista_cfs_depot_hist,r_dc_internal_smartvista_cfs_depot_hist_ro,g_dc_d_internal_smartvista_cfs_depot_hist_ro,ТУЗ,u_dc_s_custom_rb,
,internal_kurscur_currency,r_dc_internal_kurscur_currency_ro,g_dc_d_internal_kurscur_currency_ro,ТУЗ,u_dc_s_custom_rb,
,internal_kurscur_currency_hist,r_dc_internal_kurscur_currency_hist_ro,g_dc_d_internal_kurscur_currency_hist_ro,ТУЗ,u_dc_s_custom_rb,
,dwh_crmuakb,r_dc_dwh_crmuakb_ro,g_dc_d_dwh_crmuakb_ro,ТУЗ,u_dc_s_custom_rb,
,dwh_crmuakb_hist,r_dc_dwh_crmuakb_hist_ro,g_dc_d_dwh_crmuakb_hist_ro,ТУЗ,u_dc_s_custom_rb,
,dwh_odsb_sandbox,r_dc_dwh_odsb_sandbox_ro,g_dc_d_dwh_odsb_sandbox_ro,ТУЗ,u_dc_s_custom_rb,
,dwh_odsb_sandbox_hist,r_dc_dwh_odsb_sandbox_hist_ro,g_dc_d_dwh_odsb_sandbox_hist_ro,ТУЗ,u_dc_s_custom_rb,
,dwh_uakbem,r_dc_dwh_uakbem_ro,g_dc_d_dwh_uakbem_ro,ТУЗ,u_dc_s_custom_rb,
,ess_bdm_kfl,r_dc_ess_bdm_kfl_ro,g_dc_d_ess_bdm_kfl_ro,ТУЗ,u_dc_s_custom_rb,
,ess_bdm_kfl_stg,r_dc_3ls_ro,g_dc_d_3ls_ro,ТУЗ,u_dc_s_custom_rb,
,ess_bdm_kfl_hist,r_dc_ess_bdm_kfl_hist_ro,g_dc_d_ess_bdm_kfl_hist_ro,ТУЗ,u_dc_s_custom_rb,
,internal_rpzps_pcb,r_dc_internal_rpzps_pcb_ro,g_dc_d_internal_rpzps_pcb_ro,ТУЗ,u_dc_s_custom_rb,
,internal_tpiiarc_cfs_sb,r_dc_internal_tpiiarc_cfs_sb_ro,g_dc_d_internal_tpiiarc_cfs_sb_ro,ТУЗ,u_dc_s_custom_rb,
,internal_tpiiarc_cloud_cfs_sb,r_dc_internal_tpiiarc_cloud_cfs_sb_ro,g_dc_d_internal_tpiiarc_cloud_cfs_sb_ro,ТУЗ,u_dc_s_custom_rb,
,external_yandexmarket,r_dc_external_yandexmarket_ro,g_dc_d_external_yandexmarket_ro,ТУЗ,u_dc_s_custom_rb,
,external_clickstream,r_dc_external_clickstream_ro,g_dc_d_external_clickstream_ro,ТУЗ,u_dc_s_custom_rb,
,team_masspers,r_dc_team_masspers_ro,g_dc_d_team_masspers_ro,ТУЗ,u_dc_s_custom_rb,
,team_masspers,r_dc_team_masspers_rw,g_dc_d_team_masspers_rw,Пользователь,,
,dzo_spasibo,r_dc_dzo_spasibo_ro,g_dc_d_dzo_spasibo_ro,ТУЗ,u_dc_s_custom_rb,
,dzo_spasibo_hist,r_dc_dzo_spasibo_hist_ro,g_dc_dzo_spasibo_hist_ro,ТУЗ,u_dc_s_custom_rb,
/data/custom/rb/ds/pa,custom_rb_ds,r_dc_custom_team_rozn_rw,g_dc_d_custom_team_rozn_rw,ТУЗ,u_dc_s_custom_rb,
/data/custom/rb/ds/pa,custom_rb_ds,r_dc_3ls_ro,g_dc_d_3ls_ro,Пользователь,,
/data/custom/rb/ds/pa,custom_rb_ds,r_dc_custom_rb_ds_ro,g_dc_d_custom_rb_clickstream_ro,Пользователь,,
/data/custom/rb/ds/stg,custom_rb_ds_stg,r_dc_custom_team_rozn_rw,g_dc_d_custom_team_rozn_rw,ТУЗ,u_dc_s_custom_rb,
/data/custom/rb/ds/stg,custom_rb_ds_stg,r_dc_3ls_ro,g_dc_d_3ls_ro,Пользователь,,